<?xml version="1.0" encoding="UTF-8"?>
<project-private xmlns="http://www.netbeans.org/ns/project-private/1">
    <editor-bookmarks xmlns="http://www.netbeans.org/ns/editor-bookmarks/2" lastBookmarkId="0"/>
    <open-files xmlns="http://www.netbeans.org/ns/projectui-open-files/2">
        <group>
            <file>file:/C:/Users/joao_vt_santos/Downloads/GerenciadorTarefas/GerenciadorTarefas/GerenciadorTarefas/web/tarefa.html</file>
            <file>file:/C:/Users/joao_vt_santos/Downloads/GerenciadorTarefas/GerenciadorTarefas/GerenciadorTarefas/web/ListarTarefa.jsp</file>
            <file>file:/C:/Users/joao_vt_santos/Downloads/GerenciadorTarefas/GerenciadorTarefas/GerenciadorTarefas/web/ConsultarTask.jsp</file>
            <file>file:/C:/Users/joao_vt_santos/Downloads/GerenciadorTarefas/GerenciadorTarefas/GerenciadorTarefas/web/CadastroTarefa.jsp</file>
            <file>file:/C:/Users/joao_vt_santos/Downloads/GerenciadorTarefas/GerenciadorTarefas/GerenciadorTarefas/web/CadastroAdm.jsp</file>
        </group>
    </open-files>
</project-private>
