<?xml version="1.0" encoding="UTF-8"?>
<project-private xmlns="http://www.netbeans.org/ns/project-private/1">
    <editor-bookmarks xmlns="http://www.netbeans.org/ns/editor-bookmarks/2" lastBookmarkId="0"/>
    <open-files xmlns="http://www.netbeans.org/ns/projectui-open-files/2">
        <group>
            <file>file:/C:/Users/joao_vt_santos/Downloads/GerenciadorTarefas/GerenciadorTarefas/web/jsp/LoginLogin.jsp</file>
            <file>file:/C:/Users/joao_vt_santos/Downloads/GerenciadorTarefas/GerenciadorTarefas/src/java/Servelets/LoginServlet.java</file>
            <file>file:/C:/Users/joao_vt_santos/Downloads/GerenciadorTarefas/GerenciadorTarefas/web/index.html</file>
            <file>file:/C:/Users/joao_vt_santos/Downloads/GerenciadorTarefas/GerenciadorTarefas/web/jsp/CadastroLogin.jsp</file>
        </group>
    </open-files>
</project-private>
